Anio,Region,Codigo_region,Tramos_edad,Nacidos_padres,Nacidos_madres,Porc_nacidos_padres,Porc_nacidos_madres,Brecha_genero
1990,Arica y Parinacota,15,10 a 14 años,0,5,0.0,0.1,0.1
1990,Arica y Parinacota,15,15 a 19 años,141,490,3.8,13.2,9.4
1990,Tarapacá,1,10 a 14 años,0,7,0.0,0.2,0.2
1990,Tarapacá,1,15 a 19 años,144,501,3.9,13.7,9.8
1990,Antofagasta,2,10 a 14 años,0,26,0.0,0.3,0.3
1990,Antofagasta,2,15 a 19 años,381,1391,3.9,14.1,10.2
1990,Atacama,3,10 a 14 años,0,24,0.0,0.4,0.4
1990,Atacama,3,15 a 19 años,231,868,4.1,15.4,11.3
1990,Coquimbo,4,10 a 14 años,0,42,0.0,0.4,0.4
1990,Coquimbo,4,15 a 19 años,482,1943,4.2,17.0,12.8
1990,Valparaíso,5,10 a 14 años,1,79,0.0,0.3,0.3
1990,Valparaíso,5,15 a 19 años,955,3777,3.3,13.1,9.8
1990,Metropolitana,13,10 a 14 años,0,190,0.0,0.2,0.2
1990,Metropolitana,13,15 a 19 años,3946,13699,3.4,11.9,8.4
1990,O'Higgins,6,10 a 14 años,0,56,0.0,0.4,0.4
1990,O'Higgins,6,15 a 19 años,500,2316,3.3,15.1,11.9
1990,Maule,7,10 a 14 años,0,75,0.0,0.4,0.4
1990,Maule,7,15 a 19 años,576,2888,3.1,15.5,12.4
1990,Ñuble,16,10 a 14 años,0,28,0.0,0.3,0.3
1990,Ñuble,16,15 a 19 años,222,1292,2.6,15.0,12.4
1990,Biobío,8,10 a 14 años,0,71,0.0,0.2,0.2
1990,Biobío,8,15 a 19 años,873,4109,2.9,13.9,10.9
1990,La Araucanía,9,10 a 14 años,1,53,0.0,0.3,0.3
1990,La Araucanía,9,15 a 19 años,481,2397,3.0,14.9,11.9
1990,Los Ríos,14,10 a 14 años,0,19,0.0,0.3,0.3
1990,Los Ríos,14,15 a 19 años,192,1085,2.8,15.6,12.8
1990,Los Lagos,10,10 a 14 años,0,44,0.0,0.3,0.3
1990,Los Lagos,10,15 a 19 años,468,2159,3.5,16.3,12.8
1990,Aysén,11,10 a 14 años,0,16,0.0,0.8,0.8
1990,Aysén,11,15 a 19 años,65,355,3.2,17.4,14.2
1990,Magallanes,12,10 a 14 años,0,7,0.0,0.2,0.2
1990,Magallanes,12,15 a 19 años,76,273,2.7,9.5,6.9
1991,Arica y Parinacota,15,10 a 14 años,0,10,0.0,0.3,0.3
1991,Arica y Parinacota,15,15 a 19 años,120,437,3.3,12.0,8.7
1991,Tarapacá,1,10 a 14 años,0,14,0.0,0.4,0.4
1991,Tarapacá,1,15 a 19 años,158,483,4.3,13.3,8.9
1991,Antofagasta,2,10 a 14 años,0,18,0.0,0.2,0.2
1991,Antofagasta,2,15 a 19 años,388,1382,4.0,14.4,10.4
1991,Atacama,3,10 a 14 años,0,15,0.0,0.3,0.3
1991,Atacama,3,15 a 19 años,202,841,3.8,15.6,11.9
1991,Coquimbo,4,10 a 14 años,1,49,0.0,0.4,0.4
1991,Coquimbo,4,15 a 19 años,531,1914,4.7,17.0,12.3
1991,Valparaíso,5,10 a 14 años,1,60,0.0,0.2,0.2
1991,Valparaíso,5,15 a 19 años,876,3612,3.2,13.1,9.9
1991,Metropolitana,13,10 a 14 años,3,185,0.0,0.2,0.2
1991,Metropolitana,13,15 a 19 años,3854,13138,3.4,11.7,8.3
1991,O'Higgins,6,10 a 14 años,1,41,0.0,0.3,0.3
1991,O'Higgins,6,15 a 19 años,448,2225,3.1,15.2,12.1
1991,Maule,7,10 a 14 años,0,66,0.0,0.4,0.4
1991,Maule,7,15 a 19 años,583,2911,3.2,16.0,12.8
1991,Ñuble,16,10 a 14 años,0,29,0.0,0.4,0.4
1991,Ñuble,16,15 a 19 años,225,1328,2.7,16.1,13.4
1991,Biobío,8,10 a 14 años,0,71,0.0,0.2,0.2
1991,Biobío,8,15 a 19 años,918,4076,3.1,13.9,10.8
1991,La Araucanía,9,10 a 14 años,0,53,0.0,0.3,0.3
1991,La Araucanía,9,15 a 19 años,418,2260,2.6,14.3,11.7
1991,Los Ríos,14,10 a 14 años,0,28,0.0,0.4,0.4
1991,Los Ríos,14,15 a 19 años,182,1028,2.7,15.0,12.3
1991,Los Lagos,10,10 a 14 años,0,46,0.0,0.3,0.3
1991,Los Lagos,10,15 a 19 años,431,2118,3.3,16.0,12.8
1991,Aysén,11,10 a 14 años,0,15,0.0,0.8,0.8
1991,Aysén,11,15 a 19 años,48,285,2.6,15.4,12.8
1991,Magallanes,12,10 a 14 años,0,6,0.0,0.2,0.2
1991,Magallanes,12,15 a 19 años,66,286,2.3,10.1,7.8
1992,Arica y Parinacota,15,10 a 14 años,1,6,0.0,0.2,0.1
1992,Arica y Parinacota,15,15 a 19 años,140,470,3.9,13.2,9.3
1992,Tarapacá,1,10 a 14 años,0,12,0.0,0.3,0.3
1992,Tarapacá,1,15 a 19 años,183,529,4.7,13.7,9.0
1992,Antofagasta,2,10 a 14 años,0,29,0.0,0.3,0.3
1992,Antofagasta,2,15 a 19 años,394,1360,4.1,14.2,10.1
1992,Atacama,3,10 a 14 años,0,13,0.0,0.2,0.2
1992,Atacama,3,15 a 19 años,245,865,4.5,15.8,11.4
1992,Coquimbo,4,10 a 14 años,1,48,0.0,0.4,0.4
1992,Coquimbo,4,15 a 19 años,472,1899,4.3,17.1,12.9
1992,Valparaíso,5,10 a 14 años,0,76,0.0,0.3,0.3
1992,Valparaíso,5,15 a 19 años,1005,3684,3.7,13.5,9.8
1992,Metropolitana,13,10 a 14 años,1,212,0.0,0.2,0.2
1992,Metropolitana,13,15 a 19 años,4058,13207,3.7,12.0,8.3
1992,O'Higgins,6,10 a 14 años,0,52,0.0,0.4,0.4
1992,O'Higgins,6,15 a 19 años,511,2120,3.6,14.9,11.3
1992,Maule,7,10 a 14 años,0,64,0.0,0.4,0.4
1992,Maule,7,15 a 19 años,575,2694,3.3,15.5,12.2
1992,Ñuble,16,10 a 14 años,0,27,0.0,0.3,0.3
1992,Ñuble,16,15 a 19 años,225,1221,2.8,15.0,12.2
1992,Biobío,8,10 a 14 años,1,69,0.0,0.2,0.2
1992,Biobío,8,15 a 19 años,825,3670,2.9,13.0,10.1
1992,La Araucanía,9,10 a 14 años,0,64,0.0,0.4,0.4
1992,La Araucanía,9,15 a 19 años,425,2262,2.7,14.4,11.7
1992,Los Ríos,14,10 a 14 años,0,35,0.0,0.5,0.5
1992,Los Ríos,14,15 a 19 años,189,1093,2.8,16.0,13.2
1992,Los Lagos,10,10 a 14 años,2,62,0.0,0.5,0.5
1992,Los Lagos,10,15 a 19 años,462,2063,3.6,16.0,12.4
1992,Aysén,11,10 a 14 años,1,11,0.1,0.6,0.6
1992,Aysén,11,15 a 19 años,45,279,2.5,15.8,13.3
1992,Magallanes,12,10 a 14 años,0,11,0.0,0.4,0.4
1992,Magallanes,12,15 a 19 años,68,276,2.6,10.4,7.8
1993,Arica y Parinacota,15,10 a 14 años,0,10,0.0,0.3,0.3
1993,Arica y Parinacota,15,15 a 19 años,174,475,4.9,13.5,8.6
1993,Tarapacá,1,10 a 14 años,0,22,0.0,0.5,0.5
1993,Tarapacá,1,15 a 19 años,193,561,4.7,13.6,8.9
1993,Antofagasta,2,10 a 14 años,2,27,0.0,0.3,0.3
1993,Antofagasta,2,15 a 19 años,451,1475,4.7,15.3,10.6
1993,Atacama,3,10 a 14 años,0,30,0.0,0.6,0.6
1993,Atacama,3,15 a 19 años,215,844,4.0,15.7,11.7
1993,Coquimbo,4,10 a 14 años,0,54,0.0,0.5,0.5
1993,Coquimbo,4,15 a 19 años,502,1940,4.5,17.3,12.8
1993,Valparaíso,5,10 a 14 años,4,79,0.0,0.3,0.3
1993,Valparaíso,5,15 a 19 años,1075,3734,4.0,13.8,9.8
1993,Metropolitana,13,10 a 14 años,1,233,0.0,0.2,0.2
1993,Metropolitana,13,15 a 19 años,4140,13246,3.8,12.0,8.3
1993,O'Higgins,6,10 a 14 años,0,61,0.0,0.4,0.4
1993,O'Higgins,6,15 a 19 años,521,2055,3.7,14.6,10.9
1993,Maule,7,10 a 14 años,0,89,0.0,0.5,0.5
1993,Maule,7,15 a 19 años,627,2742,3.7,16.0,12.3
1993,Ñuble,16,10 a 14 años,0,27,0.0,0.3,0.3
1993,Ñuble,16,15 a 19 años,212,1099,2.7,14.1,11.4
1993,Biobío,8,10 a 14 años,0,77,0.0,0.3,0.3
1993,Biobío,8,15 a 19 años,851,3526,3.2,13.2,10.0
1993,La Araucanía,9,10 a 14 años,0,51,0.0,0.3,0.3
1993,La Araucanía,9,15 a 19 años,478,2235,3.1,14.4,11.3
1993,Los Ríos,14,10 a 14 años,0,34,0.0,0.5,0.5
1993,Los Ríos,14,15 a 19 años,210,1052,3.2,16.2,12.9
1993,Los Lagos,10,10 a 14 años,0,52,0.0,0.4,0.4
1993,Los Lagos,10,15 a 19 años,482,2016,3.8,16.0,12.2
1993,Aysén,11,10 a 14 años,0,9,0.0,0.5,0.5
1993,Aysén,11,15 a 19 años,46,272,2.8,16.4,13.6
1993,Magallanes,12,10 a 14 años,0,8,0.0,0.3,0.3
1993,Magallanes,12,15 a 19 años,65,291,2.5,11.1,8.6
1994,Arica y Parinacota,15,10 a 14 años,0,6,0.0,0.2,0.2
1994,Arica y Parinacota,15,15 a 19 años,155,482,4.5,14.1,9.6
1994,Tarapacá,1,10 a 14 años,1,12,0.0,0.3,0.3
1994,Tarapacá,1,15 a 19 años,199,594,4.8,14.3,9.5
1994,Antofagasta,2,10 a 14 años,0,23,0.0,0.2,0.2
1994,Antofagasta,2,15 a 19 años,435,1429,4.5,14.9,10.4
1994,Atacama,3,10 a 14 años,0,32,0.0,0.6,0.6
1994,Atacama,3,15 a 19 años,219,843,4.2,16.3,12.1
1994,Coquimbo,4,10 a 14 años,0,63,0.0,0.6,0.6
1994,Coquimbo,4,15 a 19 años,522,1935,4.7,17.5,12.8
1994,Valparaíso,5,10 a 14 años,0,67,0.0,0.2,0.2
1994,Valparaíso,5,15 a 19 años,1083,3839,4.0,14.2,10.2
1994,Metropolitana,13,10 a 14 años,5,289,0.0,0.3,0.3
1994,Metropolitana,13,15 a 19 años,4194,13565,3.8,12.2,8.5
1994,O'Higgins,6,10 a 14 años,0,33,0.0,0.2,0.2
1994,O'Higgins,6,15 a 19 años,464,2067,3.4,15.0,11.7
1994,Maule,7,10 a 14 años,1,78,0.0,0.5,0.5
1994,Maule,7,15 a 19 años,548,2645,3.3,15.8,12.5
1994,Ñuble,16,10 a 14 años,0,27,0.0,0.4,0.4
1994,Ñuble,16,15 a 19 años,242,1054,3.2,13.8,10.6
1994,Biobío,8,10 a 14 años,1,79,0.0,0.3,0.3
1994,Biobío,8,15 a 19 años,818,3456,3.2,13.3,10.2
1994,La Araucanía,9,10 a 14 años,0,64,0.0,0.4,0.4
1994,La Araucanía,9,15 a 19 años,426,2274,2.8,14.9,12.1
1994,Los Ríos,14,10 a 14 años,1,27,0.0,0.4,0.4
1994,Los Ríos,14,15 a 19 años,199,990,3.2,15.8,12.6
1994,Los Lagos,10,10 a 14 años,0,61,0.0,0.5,0.5
1994,Los Lagos,10,15 a 19 años,488,2163,3.8,17.0,13.2
1994,Aysén,11,10 a 14 años,0,12,0.0,0.7,0.7
1994,Aysén,11,15 a 19 años,65,323,3.9,19.1,15.3
1994,Magallanes,12,10 a 14 años,0,6,0.0,0.2,0.2
1994,Magallanes,12,15 a 19 años,81,310,3.2,12.3,9.1
1995,Arica y Parinacota,15,10 a 14 años,0,20,0.0,0.6,0.6
1995,Arica y Parinacota,15,15 a 19 años,164,494,4.8,14.6,9.7
1995,Tarapacá,1,10 a 14 años,0,30,0.0,0.7,0.7
1995,Tarapacá,1,15 a 19 años,230,679,5.3,15.6,10.3
1995,Antofagasta,2,10 a 14 años,2,37,0.0,0.4,0.4
1995,Antofagasta,2,15 a 19 años,490,1456,5.2,15.5,10.3
1995,Atacama,3,10 a 14 años,0,21,0.0,0.4,0.4
1995,Atacama,3,15 a 19 años,244,908,4.7,17.6,12.9
1995,Coquimbo,4,10 a 14 años,1,47,0.0,0.4,0.4
1995,Coquimbo,4,15 a 19 años,524,1854,4.9,17.5,12.5
1995,Valparaíso,5,10 a 14 años,1,101,0.0,0.4,0.4
1995,Valparaíso,5,15 a 19 años,1090,3866,4.2,14.8,10.7
1995,Metropolitana,13,10 a 14 años,6,338,0.0,0.3,0.3
1995,Metropolitana,13,15 a 19 años,4335,13634,4.0,12.6,8.6
1995,O'Higgins,6,10 a 14 años,1,67,0.0,0.5,0.5
1995,O'Higgins,6,15 a 19 años,482,2045,3.6,15.2,11.6
1995,Maule,7,10 a 14 años,0,82,0.0,0.5,0.5
1995,Maule,7,15 a 19 años,564,2500,3.6,15.8,12.2
1995,Ñuble,16,10 a 14 años,0,33,0.0,0.4,0.4
1995,Ñuble,16,15 a 19 años,239,1093,3.3,14.9,11.6
1995,Biobío,8,10 a 14 años,1,85,0.0,0.3,0.3
1995,Biobío,8,15 a 19 años,872,3418,3.5,13.7,10.2
1995,La Araucanía,9,10 a 14 años,0,71,0.0,0.5,0.5
1995,La Araucanía,9,15 a 19 años,440,2236,3.0,15.2,12.2
1995,Los Ríos,14,10 a 14 años,0,29,0.0,0.5,0.5
1995,Los Ríos,14,15 a 19 años,220,1034,3.6,16.8,13.2
1995,Los Lagos,10,10 a 14 años,0,54,0.0,0.4,0.4
1995,Los Lagos,10,15 a 19 años,440,2017,3.6,16.5,12.9
1995,Aysén,11,10 a 14 años,0,9,0.0,0.6,0.6
1995,Aysén,11,15 a 19 años,47,300,3.0,19.4,16.4
1995,Magallanes,12,10 a 14 años,0,9,0.0,0.4,0.4
1995,Magallanes,12,15 a 19 años,96,318,3.8,12.7,8.9
1996,Arica y Parinacota,15,10 a 14 años,3,10,0.1,0.3,0.2
1996,Arica y Parinacota,15,15 a 19 años,163,472,4.7,13.7,8.9
1996,Tarapacá,1,10 a 14 años,0,22,0.0,0.5,0.5
1996,Tarapacá,1,15 a 19 años,250,742,5.4,16.1,10.7
1996,Antofagasta,2,10 a 14 años,1,36,0.0,0.4,0.4
1996,Antofagasta,2,15 a 19 años,535,1608,5.5,16.5,11.0
1996,Atacama,3,10 a 14 años,0,24,0.0,0.5,0.5
1996,Atacama,3,15 a 19 años,253,915,5.0,18.0,13.1
1996,Coquimbo,4,10 a 14 años,2,46,0.0,0.4,0.4
1996,Coquimbo,4,15 a 19 años,482,1870,4.5,17.6,13.1
1996,Valparaíso,5,10 a 14 años,2,106,0.0,0.4,0.4
1996,Valparaíso,5,15 a 19 años,1162,3869,4.5,15.0,10.5
1996,Metropolitana,13,10 a 14 años,7,374,0.0,0.3,0.3
1996,Metropolitana,13,15 a 19 años,4541,13947,4.2,13.0,8.7
1996,O'Higgins,6,10 a 14 años,1,74,0.0,0.6,0.6
1996,O'Higgins,6,15 a 19 años,590,2015,4.5,15.3,10.8
1996,Maule,7,10 a 14 años,2,92,0.0,0.6,0.6
1996,Maule,7,15 a 19 años,567,2536,3.7,16.4,12.7
1996,Ñuble,16,10 a 14 años,0,39,0.0,0.5,0.5
1996,Ñuble,16,15 a 19 años,222,1080,3.0,14.7,11.6
1996,Biobío,8,10 a 14 años,0,96,0.0,0.4,0.4
1996,Biobío,8,15 a 19 años,938,3584,3.8,14.5,10.7
1996,La Araucanía,9,10 a 14 años,1,86,0.0,0.6,0.6
1996,La Araucanía,9,15 a 19 años,500,2287,3.4,15.7,12.3
1996,Los Ríos,14,10 a 14 años,0,32,0.0,0.5,0.5
1996,Los Ríos,14,15 a 19 años,221,963,3.6,15.8,12.2
1996,Los Lagos,10,10 a 14 años,2,75,0.0,0.6,0.6
1996,Los Lagos,10,15 a 19 años,473,2063,3.8,16.6,12.8
1996,Aysén,11,10 a 14 años,0,7,0.0,0.4,0.4
1996,Aysén,11,15 a 19 años,61,298,3.8,18.8,15.0
1996,Magallanes,12,10 a 14 años,0,7,0.0,0.3,0.3
1996,Magallanes,12,15 a 19 años,90,326,3.5,12.8,9.3
1997,Arica y Parinacota,15,10 a 14 años,1,11,0.0,0.3,0.3
1997,Arica y Parinacota,15,15 a 19 años,162,493,4.7,14.3,9.6
1997,Tarapacá,1,10 a 14 años,1,17,0.0,0.4,0.4
1997,Tarapacá,1,15 a 19 años,234,716,5.1,15.7,10.5
1997,Antofagasta,2,10 a 14 años,1,31,0.0,0.3,0.3
1997,Antofagasta,2,15 a 19 años,545,1615,5.7,17.0,11.2
1997,Atacama,3,10 a 14 años,1,25,0.0,0.5,0.5
1997,Atacama,3,15 a 19 años,247,824,5.3,17.5,12.3
1997,Coquimbo,4,10 a 14 años,2,71,0.0,0.7,0.7
1997,Coquimbo,4,15 a 19 años,532,1810,5.2,17.7,12.5
1997,Valparaíso,5,10 a 14 años,3,97,0.0,0.4,0.4
1997,Valparaíso,5,15 a 19 años,1191,4030,4.7,15.9,11.2
1997,Metropolitana,13,10 a 14 años,15,439,0.0,0.4,0.4
1997,Metropolitana,13,15 a 19 años,4851,14317,4.6,13.6,9.0
1997,O'Higgins,6,10 a 14 años,1,54,0.0,0.4,0.4
1997,O'Higgins,6,15 a 19 años,501,2030,3.8,15.5,11.7
1997,Maule,7,10 a 14 años,0,76,0.0,0.5,0.5
1997,Maule,7,15 a 19 años,669,2509,4.5,16.8,12.3
1997,Ñuble,16,10 a 14 años,0,43,0.0,0.6,0.6
1997,Ñuble,16,15 a 19 años,239,1091,3.3,15.3,11.9
1997,Biobío,8,10 a 14 años,2,100,0.0,0.4,0.4
1997,Biobío,8,15 a 19 años,1010,3890,4.1,15.9,11.8
1997,La Araucanía,9,10 a 14 años,0,82,0.0,0.6,0.6
1997,La Araucanía,9,15 a 19 años,525,2408,3.6,16.5,12.9
1997,Los Ríos,14,10 a 14 años,0,51,0.0,0.9,0.9
1997,Los Ríos,14,15 a 19 años,237,1007,4.1,17.2,13.2
1997,Los Lagos,10,10 a 14 años,1,68,0.0,0.5,0.5
1997,Los Lagos,10,15 a 19 años,517,2154,4.1,17.2,13.1
1997,Aysén,11,10 a 14 años,0,10,0.0,0.7,0.7
1997,Aysén,11,15 a 19 años,67,290,4.4,18.9,14.5
1997,Magallanes,12,10 a 14 años,1,8,0.0,0.3,0.3
1997,Magallanes,12,15 a 19 años,86,367,3.5,14.9,11.4
1998,Arica y Parinacota,15,10 a 14 años,0,9,0.0,0.3,0.3
1998,Arica y Parinacota,15,15 a 19 años,173,529,5.1,15.7,10.5
1998,Tarapacá,1,10 a 14 años,1,24,0.0,0.5,0.5
1998,Tarapacá,1,15 a 19 años,289,809,6.0,16.9,10.9
1998,Antofagasta,2,10 a 14 años,4,45,0.0,0.5,0.4
1998,Antofagasta,2,15 a 19 años,581,1682,6.1,17.6,11.5
1998,Atacama,3,10 a 14 años,2,28,0.0,0.6,0.6
1998,Atacama,3,15 a 19 años,237,864,5.1,18.7,13.6
1998,Coquimbo,4,10 a 14 años,2,48,0.0,0.5,0.5
1998,Coquimbo,4,15 a 19 años,509,1798,5.2,18.2,13.1
1998,Valparaíso,5,10 a 14 años,3,102,0.0,0.4,0.4
1998,Valparaíso,5,15 a 19 años,1258,3951,5.0,15.7,10.7
1998,Metropolitana,13,10 a 14 años,20,439,0.0,0.4,0.4
1998,Metropolitana,13,15 a 19 años,5110,14912,4.8,14.1,9.3
1998,O'Higgins,6,10 a 14 años,0,69,0.0,0.5,0.5
1998,O'Higgins,6,15 a 19 años,570,2081,4.5,16.3,11.8
1998,Maule,7,10 a 14 años,0,92,0.0,0.6,0.6
1998,Maule,7,15 a 19 años,651,2597,4.4,17.5,13.1
1998,Ñuble,16,10 a 14 años,0,40,0.0,0.6,0.6
1998,Ñuble,16,15 a 19 años,249,1092,3.6,15.8,12.2
1998,Biobío,8,10 a 14 años,2,94,0.0,0.4,0.4
1998,Biobío,8,15 a 19 años,1009,3753,4.3,15.8,11.6
1998,La Araucanía,9,10 a 14 años,0,69,0.0,0.5,0.5
1998,La Araucanía,9,15 a 19 años,570,2547,4.0,17.9,13.9
1998,Los Ríos,14,10 a 14 años,1,31,0.0,0.6,0.6
1998,Los Ríos,14,15 a 19 años,209,999,3.8,18.3,14.5
1998,Los Lagos,10,10 a 14 años,1,70,0.0,0.6,0.6
1998,Los Lagos,10,15 a 19 años,501,2110,4.1,17.1,13.0
1998,Aysén,11,10 a 14 años,0,9,0.0,0.6,0.6
1998,Aysén,11,15 a 19 años,77,307,4.9,19.6,14.7
1998,Magallanes,12,10 a 14 años,0,6,0.0,0.2,0.2
1998,Magallanes,12,15 a 19 años,89,324,3.6,13.0,9.4
1999,Arica y Parinacota,15,10 a 14 años,0,11,0.0,0.3,0.3
1999,Arica y Parinacota,15,15 a 19 años,165,493,5.1,15.2,10.1
1999,Tarapacá,1,10 a 14 años,1,23,0.0,0.5,0.5
1999,Tarapacá,1,15 a 19 años,249,769,5.2,15.9,10.8
1999,Antofagasta,2,10 a 14 años,0,45,0.0,0.5,0.5
1999,Antofagasta,2,15 a 19 años,561,1610,6.1,17.5,11.4
1999,Atacama,3,10 a 14 años,2,26,0.0,0.6,0.5
1999,Atacama,3,15 a 19 años,255,843,5.5,18.2,12.7
1999,Coquimbo,4,10 a 14 años,0,62,0.0,0.6,0.6
1999,Coquimbo,4,15 a 19 años,593,1845,6.0,18.6,12.6
1999,Valparaíso,5,10 a 14 años,3,78,0.0,0.3,0.3
1999,Valparaíso,5,15 a 19 años,1258,4071,5.1,16.6,11.5
1999,Metropolitana,13,10 a 14 años,20,362,0.0,0.4,0.3
1999,Metropolitana,13,15 a 19 años,4945,14403,4.8,14.1,9.2
1999,O'Higgins,6,10 a 14 años,0,50,0.0,0.4,0.4
1999,O'Higgins,6,15 a 19 años,547,2063,4.3,16.3,12.0
1999,Maule,7,10 a 14 años,0,73,0.0,0.5,0.5
1999,Maule,7,15 a 19 años,667,2412,4.6,16.7,12.1
1999,Ñuble,16,10 a 14 años,0,35,0.0,0.5,0.5
1999,Ñuble,16,15 a 19 años,245,1057,3.6,15.5,11.9
1999,Biobío,8,10 a 14 años,2,96,0.0,0.4,0.4
1999,Biobío,8,15 a 19 años,1000,3584,4.4,15.7,11.3
1999,La Araucanía,9,10 a 14 años,3,72,0.0,0.5,0.5
1999,La Araucanía,9,15 a 19 años,539,2414,3.9,17.4,13.5
1999,Los Ríos,14,10 a 14 años,0,40,0.0,0.7,0.7
1999,Los Ríos,14,15 a 19 años,295,1044,5.4,19.3,13.8
1999,Los Lagos,10,10 a 14 años,1,58,0.0,0.5,0.5
1999,Los Lagos,10,15 a 19 años,566,2128,4.8,18.0,13.2
1999,Aysén,11,10 a 14 años,0,8,0.0,0.5,0.5
1999,Aysén,11,15 a 19 años,66,293,4.3,19.2,14.8
1999,Magallanes,12,10 a 14 años,0,13,0.0,0.5,0.5
1999,Magallanes,12,15 a 19 años,115,358,4.8,14.8,10.1
2000,Arica y Parinacota,15,10 a 14 años,0,13,0.0,0.4,0.4
2000,Arica y Parinacota,15,15 a 19 años,187,513,5.6,15.2,9.7
2000,Tarapacá,1,10 a 14 años,1,19,0.0,0.4,0.4
2000,Tarapacá,1,15 a 19 años,263,717,5.6,15.3,9.7
2000,Antofagasta,2,10 a 14 años,1,38,0.0,0.4,0.4
2000,Antofagasta,2,15 a 19 años,556,1582,6.1,17.5,11.3
2000,Atacama,3,10 a 14 años,1,32,0.0,0.7,0.7
2000,Atacama,3,15 a 19 años,283,851,6.4,19.2,12.8
2000,Coquimbo,4,10 a 14 años,0,51,0.0,0.5,0.5
2000,Coquimbo,4,15 a 19 años,666,1836,6.5,18.0,11.4
2000,Valparaíso,5,10 a 14 años,3,104,0.0,0.4,0.4
2000,Valparaíso,5,15 a 19 años,1368,4023,5.6,16.5,10.9
2000,Metropolitana,13,10 a 14 años,13,374,0.0,0.4,0.4
2000,Metropolitana,13,15 a 19 años,5195,14457,5.1,14.1,9.1
2000,O'Higgins,6,10 a 14 años,1,52,0.0,0.4,0.4
2000,O'Higgins,6,15 a 19 años,603,2091,4.8,16.7,11.9
2000,Maule,7,10 a 14 años,0,74,0.0,0.5,0.5
2000,Maule,7,15 a 19 años,614,2395,4.3,16.8,12.5
2000,Ñuble,16,10 a 14 años,1,25,0.0,0.4,0.4
2000,Ñuble,16,15 a 19 años,238,1048,3.6,15.9,12.3
2000,Biobío,8,10 a 14 años,2,80,0.0,0.4,0.3
2000,Biobío,8,15 a 19 años,1008,3546,4.5,15.9,11.4
2000,La Araucanía,9,10 a 14 años,0,81,0.0,0.6,0.6
2000,La Araucanía,9,15 a 19 años,623,2379,4.6,17.5,12.9
2000,Los Ríos,14,10 a 14 años,1,35,0.0,0.6,0.6
2000,Los Ríos,14,15 a 19 años,282,1080,5.1,19.5,14.4
2000,Los Lagos,10,10 a 14 años,0,59,0.0,0.5,0.5
2000,Los Lagos,10,15 a 19 años,569,2127,4.8,17.9,13.1
2000,Aysén,11,10 a 14 años,0,8,0.0,0.5,0.5
2000,Aysén,11,15 a 19 años,80,269,5.3,18.0,12.6
2000,Magallanes,12,10 a 14 años,0,10,0.0,0.4,0.4
2000,Magallanes,12,15 a 19 años,114,343,4.8,14.6,9.7
2001,Arica y Parinacota,15,10 a 14 años,1,15,0.0,0.5,0.4
2001,Arica y Parinacota,15,15 a 19 años,172,498,5.5,15.9,10.4
2001,Tarapacá,1,10 a 14 años,0,20,0.0,0.4,0.4
2001,Tarapacá,1,15 a 19 años,256,748,5.3,15.6,10.3
2001,Antofagasta,2,10 a 14 años,1,47,0.0,0.5,0.5
2001,Antofagasta,2,15 a 19 años,507,1461,5.8,16.8,11.0
2001,Atacama,3,10 a 14 años,0,30,0.0,0.7,0.7
2001,Atacama,3,15 a 19 años,313,850,6.8,18.5,11.7
2001,Coquimbo,4,10 a 14 años,2,68,0.0,0.7,0.6
2001,Coquimbo,4,15 a 19 años,631,1878,6.2,18.4,12.2
2001,Valparaíso,5,10 a 14 años,4,115,0.0,0.5,0.5
2001,Valparaíso,5,15 a 19 años,1410,4036,5.9,16.9,11.0
2001,Metropolitana,13,10 a 14 años,16,397,0.0,0.4,0.4
2001,Metropolitana,13,15 a 19 años,5165,14289,5.1,14.2,9.1
2001,O'Higgins,6,10 a 14 años,2,57,0.0,0.5,0.5
2001,O'Higgins,6,15 a 19 años,594,1953,4.9,16.0,11.2
2001,Maule,7,10 a 14 años,0,92,0.0,0.7,0.7
2001,Maule,7,15 a 19 años,644,2350,4.6,16.8,12.2
2001,Ñuble,16,10 a 14 años,1,27,0.0,0.4,0.4
2001,Ñuble,16,15 a 19 años,244,997,3.8,15.6,11.7
2001,Biobío,8,10 a 14 años,7,105,0.0,0.5,0.4
2001,Biobío,8,15 a 19 años,1057,3475,4.7,15.4,10.7
2001,La Araucanía,9,10 a 14 años,1,67,0.0,0.5,0.5
2001,La Araucanía,9,15 a 19 años,671,2424,4.9,17.7,12.8
2001,Los Ríos,14,10 a 14 años,1,26,0.0,0.5,0.5
2001,Los Ríos,14,15 a 19 años,290,1039,5.4,19.2,13.8
2001,Los Lagos,10,10 a 14 años,2,78,0.0,0.6,0.6
2001,Los Lagos,10,15 a 19 años,661,2115,5.5,17.5,12.0
2001,Aysén,11,10 a 14 años,0,8,0.0,0.5,0.5
2001,Aysén,11,15 a 19 años,91,311,5.7,19.5,13.8
2001,Magallanes,12,10 a 14 años,0,10,0.0,0.4,0.4
2001,Magallanes,12,15 a 19 años,95,298,4.3,13.4,9.1
2002,Arica y Parinacota,15,10 a 14 años,0,15,0.0,0.5,0.5
2002,Arica y Parinacota,15,15 a 19 años,157,467,5.1,15.0,10.0
2002,Tarapacá,1,10 a 14 años,2,23,0.0,0.5,0.5
2002,Tarapacá,1,15 a 19 años,253,679,5.7,15.2,9.5
2002,Antofagasta,2,10 a 14 años,2,47,0.0,0.5,0.5
2002,Antofagasta,2,15 a 19 años,553,1425,6.3,16.1,9.9
2002,Atacama,3,10 a 14 años,1,31,0.0,0.7,0.7
2002,Atacama,3,15 a 19 años,259,777,6.0,18.0,12.0
2002,Coquimbo,4,10 a 14 años,3,55,0.0,0.6,0.5
2002,Coquimbo,4,15 a 19 años,628,1764,6.5,18.4,11.8
2002,Valparaíso,5,10 a 14 años,2,106,0.0,0.5,0.4
2002,Valparaíso,5,15 a 19 años,1271,3666,5.5,15.8,10.3
2002,Metropolitana,13,10 a 14 años,18,378,0.0,0.4,0.4
2002,Metropolitana,13,15 a 19 años,4740,13227,4.9,13.6,8.7
2002,O'Higgins,6,10 a 14 años,1,61,0.0,0.5,0.5
2002,O'Higgins,6,15 a 19 años,588,1909,4.9,15.9,11.0
2002,Maule,7,10 a 14 años,2,87,0.0,0.6,0.6
2002,Maule,7,15 a 19 años,636,2202,4.6,16.0,11.4
2002,Ñuble,16,10 a 14 años,1,32,0.0,0.5,0.5
2002,Ñuble,16,15 a 19 años,269,995,4.3,15.9,11.6
2002,Biobío,8,10 a 14 años,4,100,0.0,0.5,0.4
2002,Biobío,8,15 a 19 años,1049,3185,4.8,14.7,9.8
2002,La Araucanía,9,10 a 14 años,0,61,0.0,0.5,0.5
2002,La Araucanía,9,15 a 19 años,615,2365,4.6,17.6,13.0
2002,Los Ríos,14,10 a 14 años,2,32,0.0,0.6,0.6
2002,Los Ríos,14,15 a 19 años,287,1030,5.3,19.2,13.8
2002,Los Lagos,10,10 a 14 años,2,69,0.0,0.6,0.6
2002,Los Lagos,10,15 a 19 años,654,2196,5.4,18.1,12.7
2002,Aysén,11,10 a 14 años,1,11,0.1,0.7,0.6
2002,Aysén,11,15 a 19 años,76,304,4.8,19.3,14.4
2002,Magallanes,12,10 a 14 años,0,10,0.0,0.4,0.4
2002,Magallanes,12,15 a 19 años,124,309,5.5,13.8,8.2
2003,Arica y Parinacota,15,10 a 14 años,1,11,0.0,0.3,0.3
2003,Arica y Parinacota,15,15 a 19 años,150,458,4.7,14.5,9.7
2003,Tarapacá,1,10 a 14 años,0,16,0.0,0.4,0.4
2003,Tarapacá,1,15 a 19 años,243,724,5.3,15.8,10.5
2003,Antofagasta,2,10 a 14 años,3,27,0.0,0.3,0.3
2003,Antofagasta,2,15 a 19 años,489,1403,5.6,16.2,10.6
2003,Atacama,3,10 a 14 años,2,18,0.0,0.4,0.4
2003,Atacama,3,15 a 19 años,259,797,5.9,18.1,12.2
2003,Coquimbo,4,10 a 14 años,2,45,0.0,0.5,0.5
2003,Coquimbo,4,15 a 19 años,568,1590,6.0,16.8,10.8
2003,Valparaíso,5,10 a 14 años,3,99,0.0,0.4,0.4
2003,Valparaíso,5,15 a 19 años,1122,3271,5.0,14.6,9.6
2003,Metropolitana,13,10 a 14 años,16,343,0.0,0.4,0.3
2003,Metropolitana,13,15 a 19 años,4397,12035,4.6,12.7,8.1
2003,O'Higgins,6,10 a 14 años,2,72,0.0,0.6,0.6
2003,O'Higgins,6,15 a 19 años,558,1778,4.7,15.1,10.3
2003,Maule,7,10 a 14 años,2,63,0.0,0.5,0.5
2003,Maule,7,15 a 19 años,549,2117,4.1,15.7,11.7
2003,Ñuble,16,10 a 14 años,0,28,0.0,0.5,0.5
2003,Ñuble,16,15 a 19 años,234,880,3.8,14.3,10.5
2003,Biobío,8,10 a 14 años,1,97,0.0,0.4,0.4
2003,Biobío,8,15 a 19 años,982,3120,4.5,14.3,9.8
2003,La Araucanía,9,10 a 14 años,0,58,0.0,0.4,0.4
2003,La Araucanía,9,15 a 19 años,560,2122,4.3,16.3,12.0
2003,Los Ríos,14,10 a 14 años,0,33,0.0,0.6,0.6
2003,Los Ríos,14,15 a 19 años,273,944,5.3,18.3,13.0
2003,Los Lagos,10,10 a 14 años,0,60,0.0,0.5,0.5
2003,Los Lagos,10,15 a 19 años,609,2018,5.2,17.2,12.0
2003,Aysén,11,10 a 14 años,0,14,0.0,0.9,0.9
2003,Aysén,11,15 a 19 años,60,267,3.8,16.9,13.1
2003,Magallanes,12,10 a 14 años,0,10,0.0,0.5,0.5
2003,Magallanes,12,15 a 19 años,122,314,5.6,14.3,8.7
2004,Arica y Parinacota,15,10 a 14 años,0,7,0.0,0.2,0.2
2004,Arica y Parinacota,15,15 a 19 años,156,438,5.0,14.1,9.1
2004,Tarapacá,1,10 a 14 años,1,17,0.0,0.4,0.3
2004,Tarapacá,1,15 a 19 años,246,703,5.4,15.3,10.0
2004,Antofagasta,2,10 a 14 años,4,30,0.0,0.3,0.3
2004,Antofagasta,2,15 a 19 años,536,1375,6.2,16.0,9.8
2004,Atacama,3,10 a 14 años,3,16,0.1,0.4,0.3
2004,Atacama,3,15 a 19 años,238,726,5.7,17.2,11.6
2004,Coquimbo,4,10 a 14 años,3,38,0.0,0.4,0.4
2004,Coquimbo,4,15 a 19 años,586,1635,6.4,17.8,11.4
2004,Valparaíso,5,10 a 14 años,4,74,0.0,0.3,0.3
2004,Valparaíso,5,15 a 19 años,1082,3208,4.9,14.6,9.7
2004,Metropolitana,13,10 a 14 años,18,336,0.0,0.4,0.3
2004,Metropolitana,13,15 a 19 años,4444,12037,4.8,12.9,8.2
2004,O'Higgins,6,10 a 14 años,1,38,0.0,0.3,0.3
2004,O'Higgins,6,15 a 19 años,541,1789,4.6,15.2,10.6
2004,Maule,7,10 a 14 años,0,64,0.0,0.5,0.5
2004,Maule,7,15 a 19 años,598,2065,4.5,15.6,11.1
2004,Ñuble,16,10 a 14 años,0,21,0.0,0.3,0.3
2004,Ñuble,16,15 a 19 años,231,919,3.8,15.2,11.4
2004,Biobío,8,10 a 14 años,1,76,0.0,0.4,0.4
2004,Biobío,8,15 a 19 años,924,2965,4.4,14.2,9.8
2004,La Araucanía,9,10 a 14 años,2,64,0.0,0.5,0.5
2004,La Araucanía,9,15 a 19 años,547,2145,4.2,16.3,12.2
2004,Los Ríos,14,10 a 14 años,0,45,0.0,0.9,0.9
2004,Los Ríos,14,15 a 19 años,282,905,5.5,17.6,12.1
2004,Los Lagos,10,10 a 14 años,1,66,0.0,0.6,0.5
2004,Los Lagos,10,15 a 19 años,670,2047,5.7,17.3,11.6
2004,Aysén,11,10 a 14 años,0,9,0.0,0.6,0.6
2004,Aysén,11,15 a 19 años,86,274,5.4,17.2,11.8
2004,Magallanes,12,10 a 14 años,1,4,0.0,0.2,0.1
2004,Magallanes,12,15 a 19 años,104,291,5.0,13.9,9.0
2005,Arica y Parinacota,15,10 a 14 años,1,5,0.0,0.2,0.1
2005,Arica y Parinacota,15,15 a 19 años,152,460,4.9,14.7,9.9
2005,Tarapacá,1,10 a 14 años,0,25,0.0,0.5,0.5
2005,Tarapacá,1,15 a 19 años,275,680,5.8,14.2,8.5
2005,Antofagasta,2,10 a 14 años,3,30,0.0,0.4,0.3
2005,Antofagasta,2,15 a 19 años,567,1393,6.6,16.3,9.7
2005,Atacama,3,10 a 14 años,0,17,0.0,0.4,0.4
2005,Atacama,3,15 a 19 años,265,788,6.2,18.3,12.2
2005,Coquimbo,4,10 a 14 años,1,44,0.0,0.5,0.5
2005,Coquimbo,4,15 a 19 años,583,1739,6.1,18.3,12.2
2005,Valparaíso,5,10 a 14 años,5,79,0.0,0.4,0.3
2005,Valparaíso,5,15 a 19 años,1233,3412,5.5,15.3,9.8
2005,Metropolitana,13,10 a 14 años,20,326,0.0,0.4,0.3
2005,Metropolitana,13,15 a 19 años,4876,12592,5.3,13.6,8.3
2005,O'Higgins,6,10 a 14 años,0,46,0.0,0.4,0.4
2005,O'Higgins,6,15 a 19 años,658,1885,5.6,16.0,10.4
2005,Maule,7,10 a 14 años,0,79,0.0,0.6,0.6
2005,Maule,7,15 a 19 años,714,2222,5.4,16.7,11.3
2005,Ñuble,16,10 a 14 años,0,25,0.0,0.4,0.4
2005,Ñuble,16,15 a 19 años,288,966,4.8,16.2,11.4
2005,Biobío,8,10 a 14 años,3,88,0.0,0.4,0.4
2005,Biobío,8,15 a 19 años,1064,3051,5.1,14.7,9.6
2005,La Araucanía,9,10 a 14 años,2,53,0.0,0.4,0.4
2005,La Araucanía,9,15 a 19 años,622,2227,4.8,17.3,12.5
2005,Los Ríos,14,10 a 14 años,0,36,0.0,0.7,0.7
2005,Los Ríos,14,15 a 19 años,313,943,6.2,18.5,12.4
2005,Los Lagos,10,10 a 14 años,2,63,0.0,0.5,0.5
2005,Los Lagos,10,15 a 19 años,744,2151,6.2,17.9,11.7
2005,Aysén,11,10 a 14 años,0,11,0.0,0.7,0.7
2005,Aysén,11,15 a 19 años,99,306,6.2,19.3,13.1
2005,Magallanes,12,10 a 14 años,1,8,0.0,0.4,0.3
2005,Magallanes,12,15 a 19 años,133,328,6.2,15.2,9.0
2006,Arica y Parinacota,15,10 a 14 años,1,9,0.0,0.3,0.3
2006,Arica y Parinacota,15,15 a 19 años,192,473,6.2,15.3,9.1
2006,Tarapacá,1,10 a 14 años,2,16,0.0,0.3,0.3
2006,Tarapacá,1,15 a 19 años,355,743,7.5,15.6,8.1
2006,Antofagasta,2,10 a 14 años,2,23,0.0,0.3,0.2
2006,Antofagasta,2,15 a 19 años,648,1491,7.2,16.6,9.4
2006,Atacama,3,10 a 14 años,4,21,0.1,0.5,0.4
2006,Atacama,3,15 a 19 años,372,852,8.0,18.3,10.3
2006,Coquimbo,4,10 a 14 años,6,51,0.1,0.5,0.5
2006,Coquimbo,4,15 a 19 años,792,1864,8.5,19.9,11.4
2006,Valparaíso,5,10 a 14 años,6,72,0.0,0.3,0.3
2006,Valparaíso,5,15 a 19 años,1500,3414,6.9,15.8,8.8
2006,Metropolitana,13,10 a 14 años,28,381,0.0,0.4,0.4
2006,Metropolitana,13,15 a 19 años,6427,13570,6.9,14.5,7.6
2006,O'Higgins,6,10 a 14 años,3,57,0.0,0.5,0.5
2006,O'Higgins,6,15 a 19 años,776,1882,6.7,16.3,9.6
2006,Maule,7,10 a 14 años,3,67,0.0,0.5,0.5
2006,Maule,7,15 a 19 años,895,2258,6.8,17.2,10.4
2006,Ñuble,16,10 a 14 años,1,22,0.0,0.4,0.4
2006,Ñuble,16,15 a 19 años,338,988,5.7,16.6,10.9
2006,Biobío,8,10 a 14 años,7,83,0.0,0.4,0.4
2006,Biobío,8,15 a 19 años,1335,3241,6.3,15.4,9.0
2006,La Araucanía,9,10 a 14 años,4,54,0.0,0.4,0.4
2006,La Araucanía,9,15 a 19 años,838,2325,6.4,17.9,11.4
2006,Los Ríos,14,10 a 14 años,1,24,0.0,0.5,0.4
2006,Los Ríos,14,15 a 19 años,372,953,7.2,18.5,11.3
2006,Los Lagos,10,10 a 14 años,4,65,0.0,0.6,0.5
2006,Los Lagos,10,15 a 19 años,898,2128,7.6,18.1,10.5
2006,Aysén,11,10 a 14 años,1,3,0.1,0.2,0.1
2006,Aysén,11,15 a 19 años,110,290,7.0,18.6,11.5
2006,Magallanes,12,10 a 14 años,1,6,0.0,0.3,0.2
2006,Magallanes,12,15 a 19 años,166,347,7.8,16.3,8.5
2007,Arica y Parinacota,15,10 a 14 años,2,10,0.1,0.3,0.3
2007,Arica y Parinacota,15,15 a 19 años,164,491,5.2,15.5,10.4
2007,Tarapacá,1,10 a 14 años,2,28,0.0,0.6,0.5
2007,Tarapacá,1,15 a 19 años,314,823,6.3,16.4,10.1
2007,Antofagasta,2,10 a 14 años,8,41,0.1,0.4,0.4
2007,Antofagasta,2,15 a 19 años,653,1606,6.9,17.1,10.1
2007,Atacama,3,10 a 14 años,1,21,0.0,0.4,0.4
2007,Atacama,3,15 a 19 años,348,897,7.4,19.0,11.6
2007,Coquimbo,4,10 a 14 años,5,60,0.1,0.6,0.6
2007,Coquimbo,4,15 a 19 años,691,1898,7.1,19.4,12.3
2007,Valparaíso,5,10 a 14 años,4,90,0.0,0.4,0.4
2007,Valparaíso,5,15 a 19 años,1348,3661,5.9,16.2,10.2
2007,Metropolitana,13,10 a 14 años,24,345,0.0,0.4,0.3
2007,Metropolitana,13,15 a 19 años,5988,14228,6.1,14.6,8.4
2007,O'Higgins,6,10 a 14 años,3,55,0.0,0.5,0.4
2007,O'Higgins,6,15 a 19 años,739,2074,6.1,17.0,10.9
2007,Maule,7,10 a 14 años,2,53,0.0,0.4,0.4
2007,Maule,7,15 a 19 años,733,2281,5.4,16.8,11.4
2007,Ñuble,16,10 a 14 años,1,24,0.0,0.4,0.4
2007,Ñuble,16,15 a 19 años,293,1018,4.8,16.6,11.8
2007,Biobío,8,10 a 14 años,5,81,0.0,0.4,0.4
2007,Biobío,8,15 a 19 años,1163,3400,5.4,15.8,10.4
2007,La Araucanía,9,10 a 14 años,3,56,0.0,0.4,0.4
2007,La Araucanía,9,15 a 19 años,700,2367,5.2,17.6,12.4
2007,Los Ríos,14,10 a 14 años,0,27,0.0,0.5,0.5
2007,Los Ríos,14,15 a 19 años,342,1022,6.6,19.8,13.2
2007,Los Lagos,10,10 a 14 años,6,51,0.0,0.4,0.4
2007,Los Lagos,10,15 a 19 años,771,2219,6.3,18.0,11.7
2007,Aysén,11,10 a 14 años,0,5,0.0,0.3,0.3
2007,Aysén,11,15 a 19 años,106,340,6.3,20.3,13.9
2007,Magallanes,12,10 a 14 años,0,8,0.0,0.4,0.4
2007,Magallanes,12,15 a 19 años,113,325,5.2,15.0,9.8
2008,Arica y Parinacota,15,10 a 14 años,0,4,0.0,0.1,0.1
2008,Arica y Parinacota,15,15 a 19 años,168,553,5.0,16.4,11.4
2008,Tarapacá,1,10 a 14 años,3,20,0.1,0.4,0.3
2008,Tarapacá,1,15 a 19 años,324,809,6.1,15.3,9.2
2008,Antofagasta,2,10 a 14 años,7,40,0.1,0.4,0.3
2008,Antofagasta,2,15 a 19 años,689,1672,7.1,17.2,10.1
2008,Atacama,3,10 a 14 años,0,17,0.0,0.4,0.4
2008,Atacama,3,15 a 19 años,320,931,6.7,19.4,12.7
2008,Coquimbo,4,10 a 14 años,4,58,0.0,0.6,0.5
2008,Coquimbo,4,15 a 19 años,773,2039,7.4,19.5,12.1
2008,Valparaíso,5,10 a 14 años,5,119,0.0,0.5,0.5
2008,Valparaíso,5,15 a 19 años,1379,3705,6.0,16.0,10.1
2008,Metropolitana,13,10 a 14 años,26,370,0.0,0.4,0.3
2008,Metropolitana,13,15 a 19 años,6398,14562,6.4,14.6,8.2
2008,O'Higgins,6,10 a 14 años,3,47,0.0,0.4,0.3
2008,O'Higgins,6,15 a 19 años,782,2079,6.2,16.5,10.3
2008,Maule,7,10 a 14 años,2,59,0.0,0.4,0.4
2008,Maule,7,15 a 19 años,791,2345,5.6,16.7,11.1
2008,Ñuble,16,10 a 14 años,0,28,0.0,0.5,0.5
2008,Ñuble,16,15 a 19 años,318,1021,5.1,16.5,11.4
2008,Biobío,8,10 a 14 años,1,98,0.0,0.5,0.4
2008,Biobío,8,15 a 19 años,1313,3574,6.1,16.5,10.5
2008,La Araucanía,9,10 a 14 años,2,63,0.0,0.5,0.5
2008,La Araucanía,9,15 a 19 años,712,2476,5.3,18.3,13.1
2008,Los Ríos,14,10 a 14 años,2,33,0.0,0.6,0.6
2008,Los Ríos,14,15 a 19 años,372,1082,7.0,20.4,13.4
2008,Los Lagos,10,10 a 14 años,4,50,0.0,0.4,0.4
2008,Los Lagos,10,15 a 19 años,855,2386,6.7,18.7,12.0
2008,Aysén,11,10 a 14 años,0,11,0.0,0.6,0.6
2008,Aysén,11,15 a 19 años,112,340,6.5,19.6,13.2
2008,Magallanes,12,10 a 14 años,0,8,0.0,0.4,0.4
2008,Magallanes,12,15 a 19 años,123,328,5.4,14.5,9.1
2009,Arica y Parinacota,15,10 a 14 años,0,11,0.0,0.3,0.3
2009,Arica y Parinacota,15,15 a 19 años,164,528,4.6,14.8,10.2
2009,Tarapacá,1,10 a 14 años,0,21,0.0,0.4,0.4
2009,Tarapacá,1,15 a 19 años,336,903,5.9,15.9,10.0
2009,Antofagasta,2,10 a 14 años,5,46,0.1,0.5,0.4
2009,Antofagasta,2,15 a 19 años,658,1665,6.6,16.7,10.1
2009,Atacama,3,10 a 14 años,1,22,0.0,0.4,0.4
2009,Atacama,3,15 a 19 años,369,969,7.1,18.7,11.6
2009,Coquimbo,4,10 a 14 años,4,56,0.0,0.5,0.5
2009,Coquimbo,4,15 a 19 años,782,1983,7.2,18.4,11.1
2009,Valparaíso,5,10 a 14 años,5,89,0.0,0.4,0.4
2009,Valparaíso,5,15 a 19 años,1371,3635,5.8,15.3,9.5
2009,Metropolitana,13,10 a 14 años,28,375,0.0,0.4,0.3
2009,Metropolitana,13,15 a 19 años,6256,14367,6.1,14.1,7.9
2009,O'Higgins,6,10 a 14 años,3,61,0.0,0.5,0.5
2009,O'Higgins,6,15 a 19 años,775,2082,6.1,16.4,10.3
2009,Maule,7,10 a 14 años,1,69,0.0,0.5,0.5
2009,Maule,7,15 a 19 años,783,2333,5.6,16.5,11.0
2009,Ñuble,16,10 a 14 años,1,26,0.0,0.4,0.4
2009,Ñuble,16,15 a 19 años,334,986,5.4,16.0,10.6
2009,Biobío,8,10 a 14 años,6,98,0.0,0.4,0.4
2009,Biobío,8,15 a 19 años,1351,3522,6.1,15.9,9.8
2009,La Araucanía,9,10 a 14 años,2,66,0.0,0.5,0.5
2009,La Araucanía,9,15 a 19 años,724,2504,5.3,18.5,13.1
2009,Los Ríos,14,10 a 14 años,5,30,0.1,0.6,0.5
2009,Los Ríos,14,15 a 19 años,360,1094,6.7,20.5,13.7
2009,Los Lagos,10,10 a 14 años,2,81,0.0,0.6,0.6
2009,Los Lagos,10,15 a 19 años,914,2385,7.0,18.2,11.3
2009,Aysén,11,10 a 14 años,3,9,0.2,0.5,0.4
2009,Aysén,11,15 a 19 años,125,351,7.4,20.8,13.4
2009,Magallanes,12,10 a 14 años,1,13,0.0,0.6,0.5
2009,Magallanes,12,15 a 19 años,117,322,5.3,14.5,9.2
2010,Arica y Parinacota,15,10 a 14 años,0,17,0.0,0.5,0.5
2010,Arica y Parinacota,15,15 a 19 años,197,564,5.4,15.5,10.1
2010,Tarapacá,1,10 a 14 años,0,15,0.0,0.3,0.3
2010,Tarapacá,1,15 a 19 años,348,890,6.2,15.8,9.6
2010,Antofagasta,2,10 a 14 años,5,41,0.0,0.4,0.4
2010,Antofagasta,2,15 a 19 años,686,1673,6.8,16.7,9.9
2010,Atacama,3,10 a 14 años,2,29,0.0,0.6,0.5
2010,Atacama,3,15 a 19 años,347,965,6.8,19.0,12.2
2010,Coquimbo,4,10 a 14 años,3,56,0.0,0.5,0.5
2010,Coquimbo,4,15 a 19 años,798,2013,7.1,17.9,10.8
2010,Valparaíso,5,10 a 14 años,2,97,0.0,0.4,0.4
2010,Valparaíso,5,15 a 19 años,1379,3564,5.8,15.0,9.2
2010,Metropolitana,13,10 a 14 años,38,349,0.0,0.3,0.3
2010,Metropolitana,13,15 a 19 años,6230,13824,6.2,13.7,7.5
2010,O'Higgins,6,10 a 14 años,4,50,0.0,0.4,0.4
2010,O'Higgins,6,15 a 19 años,798,1961,6.3,15.4,9.1
2010,Maule,7,10 a 14 años,7,45,0.0,0.3,0.3
2010,Maule,7,15 a 19 años,796,2223,5.6,15.8,10.1
2010,Ñuble,16,10 a 14 años,0,20,0.0,0.3,0.3
2010,Ñuble,16,15 a 19 años,313,883,5.2,14.7,9.5
2010,Biobío,8,10 a 14 años,3,64,0.0,0.3,0.3
2010,Biobío,8,15 a 19 años,1321,3405,5.9,15.3,9.3
2010,La Araucanía,9,10 a 14 años,1,65,0.0,0.5,0.5
2010,La Araucanía,9,15 a 19 años,734,2300,5.5,17.2,11.7
2010,Los Ríos,14,10 a 14 años,1,39,0.0,0.7,0.7
2010,Los Ríos,14,15 a 19 años,341,1057,6.3,19.5,13.2
2010,Los Lagos,10,10 a 14 años,5,56,0.0,0.5,0.4
2010,Los Lagos,10,15 a 19 años,772,2110,6.2,17.0,10.8
2010,Aysén,11,10 a 14 años,0,11,0.0,0.7,0.7
2010,Aysén,11,15 a 19 años,109,298,6.7,18.2,11.6
2010,Magallanes,12,10 a 14 años,1,9,0.0,0.4,0.4
2010,Magallanes,12,15 a 19 años,117,317,5.2,14.1,8.9
2011,Arica y Parinacota,15,10 a 14 años,1,8,0.0,0.2,0.2
2011,Arica y Parinacota,15,15 a 19 años,198,559,5.4,15.4,9.9
2011,Tarapacá,1,10 a 14 años,1,30,0.0,0.5,0.5
2011,Tarapacá,1,15 a 19 años,311,838,5.4,14.6,9.2
2011,Antofagasta,2,10 a 14 años,2,41,0.0,0.4,0.4
2011,Antofagasta,2,15 a 19 años,699,1645,7.0,16.6,9.5
2011,Atacama,3,10 a 14 años,2,27,0.0,0.5,0.5
2011,Atacama,3,15 a 19 años,365,935,7.1,18.3,11.1
2011,Coquimbo,4,10 a 14 años,8,45,0.1,0.4,0.3
2011,Coquimbo,4,15 a 19 años,836,1951,7.5,17.5,10.0
2011,Valparaíso,5,10 a 14 años,7,101,0.0,0.4,0.4
2011,Valparaíso,5,15 a 19 años,1351,3432,5.7,14.6,8.8
2011,Metropolitana,13,10 a 14 años,32,340,0.0,0.3,0.3
2011,Metropolitana,13,15 a 19 años,5896,13161,5.9,13.1,7.2
2011,O'Higgins,6,10 a 14 años,5,63,0.0,0.5,0.5
2011,O'Higgins,6,15 a 19 años,750,1858,6.2,15.2,9.1
2011,Maule,7,10 a 14 años,1,37,0.0,0.3,0.3
2011,Maule,7,15 a 19 años,757,2103,5.5,15.4,9.9
2011,Ñuble,16,10 a 14 años,1,23,0.0,0.4,0.4
2011,Ñuble,16,15 a 19 años,308,840,5.2,14.2,9.0
2011,Biobío,8,10 a 14 años,9,92,0.0,0.4,0.4
2011,Biobío,8,15 a 19 años,1236,3174,5.6,14.4,8.8
2011,La Araucanía,9,10 a 14 años,3,47,0.0,0.4,0.3
2011,La Araucanía,9,15 a 19 años,769,2315,5.8,17.4,11.6
2011,Los Ríos,14,10 a 14 años,3,23,0.1,0.4,0.4
2011,Los Ríos,14,15 a 19 años,327,930,6.3,18.0,11.6
2011,Los Lagos,10,10 a 14 años,6,55,0.1,0.5,0.4
2011,Los Lagos,10,15 a 19 años,793,1975,6.7,16.6,9.9
2011,Aysén,11,10 a 14 años,2,12,0.1,0.8,0.6
2011,Aysén,11,15 a 19 años,103,277,6.7,17.9,11.3
2011,Magallanes,12,10 a 14 años,0,11,0.0,0.5,0.5
2011,Magallanes,12,15 a 19 años,101,265,4.8,12.5,7.7
2012,Arica y Parinacota,15,10 a 14 años,0,10,0.0,0.3,0.3
2012,Arica y Parinacota,15,15 a 19 años,199,524,5.6,14.7,9.1
2012,Tarapacá,1,10 a 14 años,2,23,0.0,0.4,0.4
2012,Tarapacá,1,15 a 19 años,324,835,5.7,14.6,8.9
2012,Antofagasta,2,10 a 14 años,6,41,0.1,0.4,0.4
2012,Antofagasta,2,15 a 19 años,687,1496,7.0,15.2,8.2
2012,Atacama,3,10 a 14 años,2,26,0.0,0.5,0.5
2012,Atacama,3,15 a 19 años,314,867,6.5,17.9,11.4
2012,Coquimbo,4,10 a 14 años,3,49,0.0,0.4,0.4
2012,Coquimbo,4,15 a 19 años,825,1919,7.4,17.1,9.8
2012,Valparaíso,5,10 a 14 años,9,87,0.0,0.4,0.3
2012,Valparaíso,5,15 a 19 años,1374,3421,5.8,14.5,8.7
2012,Metropolitana,13,10 a 14 años,33,310,0.0,0.3,0.3
2012,Metropolitana,13,15 a 19 años,5716,12367,5.7,12.4,6.7
2012,O'Higgins,6,10 a 14 años,2,44,0.0,0.4,0.3
2012,O'Higgins,6,15 a 19 años,746,1787,6.2,14.7,8.6
2012,Maule,7,10 a 14 años,1,57,0.0,0.4,0.4
2012,Maule,7,15 a 19 años,774,2006,5.8,14.9,9.2
2012,Ñuble,16,10 a 14 años,0,24,0.0,0.4,0.4
2012,Ñuble,16,15 a 19 años,316,824,5.5,14.4,8.9
2012,Biobío,8,10 a 14 años,8,79,0.0,0.4,0.3
2012,Biobío,8,15 a 19 años,1206,2909,5.7,13.9,8.1
2012,La Araucanía,9,10 a 14 años,7,46,0.1,0.4,0.3
2012,La Araucanía,9,15 a 19 años,752,2152,5.8,16.5,10.7
2012,Los Ríos,14,10 a 14 años,1,20,0.0,0.4,0.4
2012,Los Ríos,14,15 a 19 años,353,903,6.9,17.6,10.7
2012,Los Lagos,10,10 a 14 años,5,48,0.0,0.4,0.4
2012,Los Lagos,10,15 a 19 años,720,1789,6.4,15.9,9.5
2012,Aysén,11,10 a 14 años,0,7,0.0,0.5,0.5
2012,Aysén,11,15 a 19 años,91,230,5.9,14.9,9.0
2012,Magallanes,12,10 a 14 años,0,8,0.0,0.4,0.4
2012,Magallanes,12,15 a 19 años,128,276,6.1,13.1,7.0
2013,Arica y Parinacota,15,10 a 14 años,0,7,0.0,0.2,0.2
2013,Arica y Parinacota,15,15 a 19 años,155,479,4.4,13.7,9.2
2013,Tarapacá,1,10 a 14 años,3,36,0.1,0.6,0.6
2013,Tarapacá,1,15 a 19 años,305,748,5.3,13.0,7.7
2013,Antofagasta,2,10 a 14 años,2,34,0.0,0.3,0.3
2013,Antofagasta,2,15 a 19 años,586,1393,6.0,14.2,8.2
2013,Atacama,3,10 a 14 años,0,26,0.0,0.5,0.5
2013,Atacama,3,15 a 19 años,353,861,7.3,17.8,10.5
2013,Coquimbo,4,10 a 14 años,5,55,0.0,0.5,0.4
2013,Coquimbo,4,15 a 19 años,798,1786,7.0,15.7,8.7
2013,Valparaíso,5,10 a 14 años,9,86,0.0,0.4,0.3
2013,Valparaíso,5,15 a 19 años,1251,3036,5.4,13.1,7.7
2013,Metropolitana,13,10 a 14 años,27,337,0.0,0.3,0.3
2013,Metropolitana,13,15 a 19 años,5018,11182,5.1,11.3,6.2
2013,O'Higgins,6,10 a 14 años,3,45,0.0,0.4,0.3
2013,O'Higgins,6,15 a 19 años,736,1709,6.1,14.1,8.0
2013,Maule,7,10 a 14 años,0,58,0.0,0.4,0.4
2013,Maule,7,15 a 19 años,781,1968,5.7,14.4,8.7
2013,Ñuble,16,10 a 14 años,0,21,0.0,0.4,0.4
2013,Ñuble,16,15 a 19 años,273,756,4.9,13.5,8.6
2013,Biobío,8,10 a 14 años,5,68,0.0,0.3,0.3
2013,Biobío,8,15 a 19 años,1137,2736,5.5,13.2,7.7
2013,La Araucanía,9,10 a 14 años,4,54,0.0,0.4,0.4
2013,La Araucanía,9,15 a 19 años,734,2009,5.7,15.6,9.9
2013,Los Ríos,14,10 a 14 años,0,23,0.0,0.5,0.5
2013,Los Ríos,14,15 a 19 años,284,761,5.9,15.8,9.9
2013,Los Lagos,10,10 a 14 años,0,44,0.0,0.4,0.4
2013,Los Lagos,10,15 a 19 años,708,1668,6.3,14.9,8.6
2013,Aysén,11,10 a 14 años,1,5,0.1,0.3,0.3
2013,Aysén,11,15 a 19 años,70,211,4.9,14.7,9.8
2013,Magallanes,12,10 a 14 años,0,3,0.0,0.1,0.1
2013,Magallanes,12,15 a 19 años,82,203,4.0,9.9,5.9
2014,Arica y Parinacota,15,10 a 14 años,1,14,0.0,0.4,0.4
2014,Arica y Parinacota,15,15 a 19 años,174,441,4.9,12.4,7.5
2014,Tarapacá,1,10 a 14 años,2,19,0.0,0.3,0.3
2014,Tarapacá,1,15 a 19 años,278,687,4.8,11.8,7.0
2014,Antofagasta,2,10 a 14 años,4,35,0.0,0.3,0.3
2014,Antofagasta,2,15 a 19 años,530,1246,5.2,12.2,7.0
2014,Atacama,3,10 a 14 años,1,24,0.0,0.5,0.5
2014,Atacama,3,15 a 19 años,327,782,6.5,15.6,9.1
2014,Coquimbo,4,10 a 14 años,7,57,0.1,0.5,0.4
2014,Coquimbo,4,15 a 19 años,774,1742,6.7,15.0,8.4
2014,Valparaíso,5,10 a 14 años,10,86,0.0,0.4,0.3
2014,Valparaíso,5,15 a 19 años,1241,2929,5.1,12.1,7.0
2014,Metropolitana,13,10 a 14 años,21,297,0.0,0.3,0.3
2014,Metropolitana,13,15 a 19 años,4743,10367,4.6,10.1,5.5
2014,O'Higgins,6,10 a 14 años,3,50,0.0,0.4,0.4
2014,O'Higgins,6,15 a 19 años,696,1626,5.6,13.1,7.5
2014,Maule,7,10 a 14 años,3,58,0.0,0.4,0.4
2014,Maule,7,15 a 19 años,762,1905,5.3,13.3,8.0
2014,Ñuble,16,10 a 14 años,1,23,0.0,0.4,0.4
2014,Ñuble,16,15 a 19 años,295,735,5.0,12.5,7.5
2014,Biobío,8,10 a 14 años,2,61,0.0,0.3,0.3
2014,Biobío,8,15 a 19 años,1074,2499,5.0,11.6,6.6
2014,La Araucanía,9,10 a 14 años,5,45,0.0,0.3,0.3
2014,La Araucanía,9,15 a 19 años,683,1817,5.1,13.6,8.5
2014,Los Ríos,14,10 a 14 años,0,25,0.0,0.5,0.5
2014,Los Ríos,14,15 a 19 años,288,726,5.7,14.3,8.7
2014,Los Lagos,10,10 a 14 años,3,49,0.0,0.4,0.4
2014,Los Lagos,10,15 a 19 años,610,1515,5.4,13.3,8.0
2014,Aysén,11,10 a 14 años,1,7,0.1,0.5,0.4
2014,Aysén,11,15 a 19 años,87,221,5.7,14.4,8.7
2014,Magallanes,12,10 a 14 años,0,2,0.0,0.1,0.1
2014,Magallanes,12,15 a 19 años,99,216,4.7,10.3,5.6
2015,Arica y Parinacota,15,10 a 14 años,0,10,0.0,0.3,0.3
2015,Arica y Parinacota,15,15 a 19 años,146,391,4.3,11.5,7.2
2015,Tarapacá,1,10 a 14 años,1,17,0.0,0.3,0.3
2015,Tarapacá,1,15 a 19 años,234,629,4.1,11.0,6.9
2015,Antofagasta,2,10 a 14 años,4,27,0.0,0.3,0.2
2015,Antofagasta,2,15 a 19 años,429,1082,4.3,10.9,6.6
2015,Atacama,3,10 a 14 años,2,27,0.0,0.6,0.6
2015,Atacama,3,15 a 19 años,228,549,5.1,12.3,7.2
2015,Coquimbo,4,10 a 14 años,3,43,0.0,0.4,0.4
2015,Coquimbo,4,15 a 19 años,615,1416,5.6,12.9,7.3
2015,Valparaíso,5,10 a 14 años,13,87,0.1,0.4,0.3
2015,Valparaíso,5,15 a 19 años,1109,2541,4.7,10.8,6.1
2015,Metropolitana,13,10 a 14 años,26,231,0.0,0.2,0.2
2015,Metropolitana,13,15 a 19 años,3978,8948,3.9,8.9,4.9
2015,O'Higgins,6,10 a 14 años,3,36,0.0,0.3,0.3
2015,O'Higgins,6,15 a 19 años,593,1386,4.9,11.5,6.6
2015,Maule,7,10 a 14 años,2,32,0.0,0.2,0.2
2015,Maule,7,15 a 19 años,658,1645,4.7,11.7,7.0
2015,Ñuble,16,10 a 14 años,1,16,0.0,0.3,0.3
2015,Ñuble,16,15 a 19 años,267,615,4.6,10.7,6.0
2015,Biobío,8,10 a 14 años,4,69,0.0,0.3,0.3
2015,Biobío,8,15 a 19 años,989,2193,4.7,10.4,5.7
2015,La Araucanía,9,10 a 14 años,7,59,0.1,0.4,0.4
2015,La Araucanía,9,15 a 19 años,686,1797,5.1,13.5,8.3
2015,Los Ríos,14,10 a 14 años,0,11,0.0,0.2,0.2
2015,Los Ríos,14,15 a 19 años,231,598,5.0,12.8,7.9
2015,Los Lagos,10,10 a 14 años,4,39,0.0,0.3,0.3
2015,Los Lagos,10,15 a 19 años,558,1319,5.0,11.8,6.8
2015,Aysén,11,10 a 14 años,0,7,0.0,0.5,0.5
2015,Aysén,11,15 a 19 años,72,181,5.1,12.8,7.7
2015,Magallanes,12,10 a 14 años,1,6,0.0,0.3,0.2
2015,Magallanes,12,15 a 19 años,63,158,3.1,7.8,4.7
2016,Arica y Parinacota,15,10 a 14 años,0,6,0.0,0.2,0.2
2016,Arica y Parinacota,15,15 a 19 años,123,303,3.9,9.6,5.7
2016,Tarapacá,1,10 a 14 años,0,19,0.0,0.4,0.4
2016,Tarapacá,1,15 a 19 años,183,509,3.4,9.4,6.0
2016,Antofagasta,2,10 a 14 años,0,18,0.0,0.2,0.2
2016,Antofagasta,2,15 a 19 años,391,908,4.2,9.9,5.6
2016,Atacama,3,10 a 14 años,2,23,0.0,0.5,0.5
2016,Atacama,3,15 a 19 años,206,488,4.9,11.5,6.7
2016,Coquimbo,4,10 a 14 años,5,49,0.0,0.5,0.4
2016,Coquimbo,4,15 a 19 años,470,1133,4.6,11.2,6.5
2016,Valparaíso,5,10 a 14 años,5,59,0.0,0.3,0.2
2016,Valparaíso,5,15 a 19 años,827,2010,3.7,9.1,5.3
2016,Metropolitana,13,10 a 14 años,17,202,0.0,0.2,0.2
2016,Metropolitana,13,15 a 19 años,3235,7198,3.3,7.5,4.1
2016,O'Higgins,6,10 a 14 años,4,31,0.0,0.3,0.2
2016,O'Higgins,6,15 a 19 años,463,1159,4.1,10.2,6.1
2016,Maule,7,10 a 14 años,1,47,0.0,0.4,0.3
2016,Maule,7,15 a 19 años,515,1230,3.9,9.3,5.4
2016,Ñuble,16,10 a 14 años,1,18,0.0,0.3,0.3
2016,Ñuble,16,15 a 19 años,202,495,3.7,9.1,5.4
2016,Biobío,8,10 a 14 años,3,51,0.0,0.3,0.2
2016,Biobío,8,15 a 19 años,741,1708,3.8,8.7,4.9
2016,La Araucanía,9,10 a 14 años,3,51,0.0,0.4,0.4
2016,La Araucanía,9,15 a 19 años,582,1398,4.6,11.2,6.5
2016,Los Ríos,14,10 a 14 años,1,17,0.0,0.4,0.4
2016,Los Ríos,14,15 a 19 años,186,492,4.1,10.9,6.8
2016,Los Lagos,10,10 a 14 años,4,49,0.0,0.5,0.4
2016,Los Lagos,10,15 a 19 años,528,1167,4.9,10.8,5.9
2016,Aysén,11,10 a 14 años,1,8,0.1,0.6,0.5
2016,Aysén,11,15 a 19 años,58,157,4.1,11.2,7.0
2016,Magallanes,12,10 a 14 años,0,1,0.0,0.1,0.1
2016,Magallanes,12,15 a 19 años,59,166,3.2,8.9,5.7
2017,Arica y Parinacota,15,10 a 14 años,1,4,0.0,0.1,0.1
2017,Arica y Parinacota,15,15 a 19 años,100,287,3.3,9.5,6.2
2017,Tarapacá,1,10 a 14 años,2,16,0.0,0.3,0.3
2017,Tarapacá,1,15 a 19 años,147,438,2.9,8.6,5.7
2017,Antofagasta,2,10 a 14 años,1,21,0.0,0.3,0.2
2017,Antofagasta,2,15 a 19 años,303,765,3.6,9.1,5.5
2017,Atacama,3,10 a 14 años,1,19,0.0,0.5,0.5
2017,Atacama,3,15 a 19 años,157,386,4.0,9.8,5.8
2017,Coquimbo,4,10 a 14 años,1,21,0.0,0.2,0.2
2017,Coquimbo,4,15 a 19 años,412,915,4.5,9.9,5.5
2017,Valparaíso,5,10 a 14 años,5,45,0.0,0.2,0.2
2017,Valparaíso,5,15 a 19 años,679,1639,3.3,8.1,4.7
2017,Metropolitana,13,10 a 14 años,17,145,0.0,0.2,0.1
2017,Metropolitana,13,15 a 19 años,2518,5858,2.7,6.3,3.6
2017,O'Higgins,6,10 a 14 años,2,24,0.0,0.2,0.2
2017,O'Higgins,6,15 a 19 años,398,888,3.7,8.2,4.5
2017,Maule,7,10 a 14 años,5,36,0.0,0.3,0.2
2017,Maule,7,15 a 19 años,420,1090,3.3,8.6,5.3
2017,Ñuble,16,10 a 14 años,1,14,0.0,0.3,0.2
2017,Ñuble,16,15 a 19 años,174,416,3.3,7.8,4.5
2017,Biobío,8,10 a 14 años,0,31,0.0,0.2,0.2
2017,Biobío,8,15 a 19 años,607,1431,3.3,7.9,4.5
2017,La Araucanía,9,10 a 14 años,4,51,0.0,0.4,0.4
2017,La Araucanía,9,15 a 19 años,502,1292,4.2,10.8,6.6
2017,Los Ríos,14,10 a 14 años,0,12,0.0,0.3,0.3
2017,Los Ríos,14,15 a 19 años,156,379,3.7,8.9,5.2
2017,Los Lagos,10,10 a 14 años,7,23,0.1,0.2,0.2
2017,Los Lagos,10,15 a 19 años,365,891,3.6,8.9,5.2
2017,Aysén,11,10 a 14 años,0,6,0.0,0.5,0.5
2017,Aysén,11,15 a 19 años,35,104,2.9,8.6,5.7
2017,Magallanes,12,10 a 14 años,0,4,0.0,0.2,0.2
2017,Magallanes,12,15 a 19 años,55,118,2.9,6.3,3.3
2018,Arica y Parinacota,15,10 a 14 años,0,6,0.0,0.2,0.2
2018,Arica y Parinacota,15,15 a 19 años,96,255,3.2,8.6,5.4
2018,Tarapacá,1,10 a 14 años,1,10,0.0,0.2,0.2
2018,Tarapacá,1,15 a 19 años,158,420,3.2,8.5,5.3
2018,Antofagasta,2,10 a 14 años,1,20,0.0,0.2,0.2
2018,Antofagasta,2,15 a 19 años,235,606,2.9,7.5,4.6
2018,Atacama,3,10 a 14 años,2,12,0.1,0.3,0.3
2018,Atacama,3,15 a 19 años,89,277,2.4,7.4,5.0
2018,Coquimbo,4,10 a 14 años,3,19,0.0,0.2,0.2
2018,Coquimbo,4,15 a 19 años,312,757,3.4,8.3,4.9
2018,Valparaíso,5,10 a 14 años,3,32,0.0,0.2,0.1
2018,Valparaíso,5,15 a 19 años,587,1405,2.8,6.7,3.9
2018,Metropolitana,13,10 a 14 años,17,136,0.0,0.1,0.1
2018,Metropolitana,13,15 a 19 años,2104,5084,2.2,5.3,3.1
2018,O'Higgins,6,10 a 14 años,3,25,0.0,0.2,0.2
2018,O'Higgins,6,15 a 19 años,298,769,2.6,6.8,4.2
2018,Maule,7,10 a 14 años,2,25,0.0,0.2,0.2
2018,Maule,7,15 a 19 años,374,956,2.9,7.3,4.5
2018,Ñuble,16,10 a 14 años,1,10,0.0,0.2,0.2
2018,Ñuble,16,15 a 19 años,126,356,2.4,6.7,4.3
2018,Biobío,8,10 a 14 años,2,31,0.0,0.2,0.2
2018,Biobío,8,15 a 19 años,466,1142,2.6,6.5,3.8
2018,La Araucanía,9,10 a 14 años,2,32,0.0,0.3,0.3
2018,La Araucanía,9,15 a 19 años,379,1023,3.2,8.7,5.5
2018,Los Ríos,14,10 a 14 años,0,11,0.0,0.3,0.3
2018,Los Ríos,14,15 a 19 años,133,288,3.2,7.0,3.8
2018,Los Lagos,10,10 a 14 años,3,16,0.0,0.2,0.1
2018,Los Lagos,10,15 a 19 años,310,720,3.1,7.3,4.1
2018,Aysén,11,10 a 14 años,2,1,0.2,0.1,-0.1
2018,Aysén,11,15 a 19 años,39,101,3.1,8.0,4.9
2018,Magallanes,12,10 a 14 años,3,3,0.2,0.2,0.0
2018,Magallanes,12,15 a 19 años,47,93,2.7,5.3,2.6
2019,Arica y Parinacota,15,10 a 14 años,0,2,0.0,0.1,0.1
2019,Arica y Parinacota,15,15 a 19 años,68,223,2.4,7.7,5.4
2019,Tarapacá,1,10 a 14 años,2,8,0.0,0.2,0.1
2019,Tarapacá,1,15 a 19 años,127,338,2.6,6.9,4.3
2019,Antofagasta,2,10 a 14 años,2,9,0.0,0.1,0.1
2019,Antofagasta,2,15 a 19 años,217,533,2.8,6.9,4.1
2019,Atacama,3,10 a 14 años,0,5,0.0,0.1,0.1
2019,Atacama,3,15 a 19 años,90,276,2.6,8.1,5.4
2019,Coquimbo,4,10 a 14 años,2,16,0.0,0.2,0.2
2019,Coquimbo,4,15 a 19 años,233,640,2.7,7.4,4.7
2019,Valparaíso,5,10 a 14 años,2,32,0.0,0.2,0.2
2019,Valparaíso,5,15 a 19 años,439,1211,2.2,6.2,3.9
2019,Metropolitana,13,10 a 14 años,15,98,0.0,0.1,0.1
2019,Metropolitana,13,15 a 19 años,1696,4034,1.9,4.5,2.6
2019,O'Higgins,6,10 a 14 años,3,18,0.0,0.2,0.1
2019,O'Higgins,6,15 a 19 años,240,629,2.2,5.8,3.6
2019,Maule,7,10 a 14 años,1,24,0.0,0.2,0.2
2019,Maule,7,15 a 19 años,286,730,2.3,5.8,3.6
2019,Ñuble,16,10 a 14 años,0,6,0.0,0.1,0.1
2019,Ñuble,16,15 a 19 años,122,299,2.4,5.9,3.5
2019,Biobío,8,10 a 14 años,3,18,0.0,0.1,0.1
2019,Biobío,8,15 a 19 años,385,972,2.3,5.7,3.4
2019,La Araucanía,9,10 a 14 años,3,25,0.0,0.2,0.2
2019,La Araucanía,9,15 a 19 años,319,831,2.8,7.4,4.5
2019,Los Ríos,14,10 a 14 años,0,7,0.0,0.2,0.2
2019,Los Ríos,14,15 a 19 años,93,225,2.3,5.6,3.3
2019,Los Lagos,10,10 a 14 años,3,13,0.0,0.1,0.1
2019,Los Lagos,10,15 a 19 años,245,596,2.6,6.2,3.7
2019,Aysén,11,10 a 14 años,0,2,0.0,0.2,0.2
2019,Aysén,11,15 a 19 años,26,76,2.3,6.8,4.5
2019,Magallanes,12,10 a 14 años,0,2,0.0,0.1,0.1
2019,Magallanes,12,15 a 19 años,27,79,1.5,4.5,3.0